file;dist;width;height;s2;xmin;ymin;xmax;ymax;im_width;im_height
img_1596.jpg;4.88;211.37255859375;51.7919921875;10947.405903339386;1876.7021484375;1571.966796875;2088.07470703125;1623.7587890625;4032;3024
img_1600.jpg;1.54;704.8248291015625;164.3017578125;115803.95837128162;1745.0968017578125;2502.0693359375;2449.921630859375;2666.37109375;4032;3024
img_1601.jpg;3.68;281.0528564453125;63.7032470703125;17903.979553952813;1868.2481689453125;1652.027099609375;2149.301025390625;1715.7303466796875;4032;3024
img_1603.jpg;2.22;475.6695556640625;108.26318359375;51497.50043481588;1767.2171630859375;1797.4517822265625;2242.88671875;1905.7149658203125;4032;3024
img_1605.jpg;3.73;284.45556640625;62.0802001953125;17659.05850917101;1902.985595703125;1561.123779296875;2187.441162109375;1623.2039794921875;4032;3024
img_1606.jpg;4.52;234.9114990234375;54.241943359375;12742.056224495173;1875.5120849609375;1405.7813720703125;2110.423583984375;1460.0233154296875;4032;3024
img_1607.jpg;5.4;202.1307373046875;47.1650390625;9533.504120707512;1926.7708740234375;1600.4478759765625;2128.901611328125;1647.6129150390625;4032;3024
img_1608.jpg;6.21;175.1844482421875;42.2120361328125;7394.89225910604;1954.5814208984375;1466.9793701171875;2129.765869140625;1509.19140625;4032;3024
img_1612.jpg;7.12;160.6796875;38.7777099609375;6230.790318489075;1887.629150390625;1595.0322265625;2048.308837890625;1633.8099365234375;4032;3024
img_1613.jpg;5.26;192.7958984375;43.6422119140625;8414.039455771446;1900.833984375;1488.7347412109375;2093.6298828125;1532.376953125;4032;3024
img_1615.jpg;2.26;523.34765625;100.4990234375;52595.92837142944;1770.56640625;1722.9306640625;2293.9140625;1823.4296875;4032;3024
img_1616.jpg;2.86;679.411376953125;133.2808837890625;90552.54877665639;1600.83935546875;1715.5333251953125;2280.250732421875;1848.814208984375;4032;3024
img_1618.jpg;1.6;420.2777099609375;95.8773193359375;40295.100207701325;1736.0875244140625;1704.06396484375;2156.365234375;1799.9412841796875;4032;3024
img_1619.jpg;3.65;340.8895263671875;72.7672119140625;24805.58040444553;1747.3243408203125;1651.31591796875;2088.2138671875;1724.0831298828125;4032;3024
img_1620.jpg;1.52;285.444580078125;60.5162353515625;17274.03138783574;1655.9072265625;1569.1097412109375;1941.351806640625;1629.6259765625;4032;3024
img_1621.jpg;7.37;350.21826171875;68.500244140625;23990.036430239677;1875.551513671875;1683.8919677734375;2225.769775390625;1752.3922119140625;4032;3024
img_1623.jpg;5.56;190.665771484375;41.3634033203125;7886.585205286741;1825.5579833984375;1562.49365234375;2016.2237548828125;1603.8570556640625;4032;3024
img_1626.jpg;1.75;650.922607421875;139.3414306640625;90700.48736974597;1729.439697265625;1519.865966796875;2380.3623046875;1659.2073974609375;4032;3024
img_1627.jpg;1.36;895.770751953125;199.5255126953125;178729.11854091287;1477.920166015625;1771.9237060546875;2373.69091796875;1971.44921875;4032;3024
img_1628.jpg;1.12;993.943359375;222.567626953125;221219.61482191086;1628.908447265625;1793.5618896484375;2622.851806640625;2016.1295166015625;4032;3024
img_1631.jpg;2.18;531.1309814453125;118.3211669921875;62844.03755031526;1758.5142822265625;1415.0545654296875;2289.645263671875;1533.375732421875;4032;3024
img_1634.jpg;2.49;448.083740234375;96.4176025390625;43203.1599701345;1756.094482421875;1490.1591796875;2204.17822265625;1586.5767822265625;4032;3024
img_1635.jpg;3.11;362.2265625;73.4757080078125;26614.853138923645;1806.84619140625;1387.0211181640625;2169.07275390625;1460.496826171875;4032;3024
img_1637.jpg;2.27;499.892578125;110.3389892578125;55157.64180779457;1760.39501953125;1449.945068359375;2260.28759765625;1560.2840576171875;4032;3024
img_1640.jpg;2.72;411.7781982421875;87.6461181640625;36090.76062051952;1748.5784912109375;1431.8958740234375;2160.356689453125;1519.5419921875;4032;3024
img_1641.jpg;4.57;243.8499755859375;55.0999755859375;13436.127701416612;1835.8348388671875;1507.5469970703125;2079.684814453125;1562.64697265625;4032;3024
img_1643.jpg;5.49;206.8167724609375;43.43798828125;8983.70453852415;1961.5589599609375;1415.071533203125;2168.375732421875;1458.509521484375;4032;3024
img_1645.jpg;4.13;182.3082275390625;38.2164306640625;6967.169737234712;1963.6282958984375;1557.258056640625;2145.9365234375;1595.4744873046875;4032;3024
img_1647.jpg;2.42;333.036865234375;77.464599609375;25798.56742054224;1894.460693359375;1654.534912109375;2227.49755859375;1731.99951171875;4032;3024
img_1649.jpg;4.36;260.5535888671875;62.977294921875;16408.960209041834;1882.0172119140625;1714.9886474609375;2142.57080078125;1777.9659423828125;4032;3024
img_1650.jpg;4.69;240.772705078125;57.7740478515625;13910.413784533739;1813.437255859375;1629.014404296875;2054.2099609375;1686.7884521484375;4032;3024
img_1653.jpg;6.44;178.3052978515625;40.6573486328125;7249.42065782845;1851.596435546875;1615.06787109375;2029.9017333984375;1655.7252197265625;4032;3024
img_1656.jpg;2.98;382.0567626953125;93.8597412109375;35859.74887447059;1871.7230224609375;1637.93359375;2253.77978515625;1731.7933349609375;4032;3024
img_1658.jpg;1.68;674.853271484375;172.503173828125;116414.33119934797;1677.71728515625;2313.70703125;2352.570556640625;2486.210205078125;4032;3024
img_1662.jpg;4.16;284.09326171875;73.67529296875;20930.654287576675;1809.933837890625;1437.7457275390625;2094.027099609375;1511.4210205078125;4032;3024
img_1665.jpg;3.09;365.3631591796875;92.3697509765625;33748.5040294379;1635.2520751953125;1657.0369873046875;2000.615234375;1749.40673828125;4032;3024
img_1666.jpg;2.43;470.9957275390625;121.2242431640625;57096.10060442984;1758.7947998046875;1606.553955078125;2229.79052734375;1727.7781982421875;4032;3024
img_1667.jpg;1.9;581.447998046875;163.997314453125;95355.91017383337;1720.2763671875;1763.621337890625;2301.724365234375;1927.61865234375;4032;3024
img_1672.jpg;4.96;206.207275390625;52.2467041015625;10773.650500923395;1826.2080078125;1428.08935546875;2032.415283203125;1480.3360595703125;4032;3024
img_1673.jpg;3.94;260.216552734375;62.5638427734375;16280.147492319345;1572.81591796875;1293.8297119140625;1833.032470703125;1356.3935546875;4032;3024
img_1674.jpg;3.36;298.2783203125;70.381591796875;20993.302982091904;1838.373046875;1314.8580322265625;2136.6513671875;1385.2396240234375;4032;3024
img_1675.jpg;2.9;343.237548828125;77.0374755859375;26442.15428802371;1796.580078125;1411.2529296875;2139.817626953125;1488.2904052734375;4032;3024
img_1676.jpg;2.32;423.9000244140625;93.783935546875;39755.01256796718;1820.7681884765625;1394.8505859375;2244.668212890625;1488.634521484375;4032;3024
img_1677.jpg;4.17;238.5118408203125;52.8193359375;12598.037045359612;1834.7855224609375;1463.7998046875;2073.29736328125;1516.619140625;4032;3024
img_1680.jpg;5.88;175.34716796875;41.7620849609375;7322.863326370716;1849.5096435546875;1447.5372314453125;2024.8568115234375;1489.29931640625;4032;3024
img_1681.jpg;6.55;150.2266845703125;38.0074462890625;5709.732644990087;1880.009521484375;1533.6346435546875;2030.2362060546875;1571.64208984375;4032;3024
img_1684.jpg;3.83;256.683837890625;57.8133544921875;14839.753712385893;1645.435791015625;1352.034423828125;1902.11962890625;1409.8477783203125;4032;3024
img_1685.jpg;3.2;311.709716796875;73.5869140625;22937.756142377853;1749.548095703125;1408.181884765625;2061.2578125;1481.768798828125;4032;3024
img_1686.jpg;3.02;379.1651611328125;88.6951904296875;33630.12617097795;1789.8880615234375;1578.595703125;2169.05322265625;1667.2908935546875;4032;3024
img_1687.jpg;2.07;481.04443359375;109.9775390625;52904.08298635483;1725.112060546875;1517.007568359375;2206.156494140625;1626.985107421875;4032;3024
img_1688.jpg;3.18;311.049072265625;71.806640625;22335.38894891739;1781.1083984375;1454.0860595703125;2092.157470703125;1525.8927001953125;4032;3024
img_1690.jpg;4.3;221.2255859375;57.5068359375;12721.98347568512;1803.1002197265625;1480.926025390625;2024.3258056640625;1538.432861328125;4032;3024
img_1691.jpg;5.04;190.84033203125;47.5091552734375;9066.662966907024;1821.9622802734375;1478.7545166015625;2012.8026123046875;1526.263671875;4032;3024
img_1692.jpg;4.64;214.56787109375;49.91162109375;10709.430280923843;1886.91259765625;1760.86279296875;2101.48046875;1810.7744140625;4032;3024
img_1696.jpg;2.0;500.8304443359375;108.519287109375;54349.762782007456;1665.6558837890625;2123.268798828125;2166.486328125;2231.7880859375;4032;3024
img_1700.jpg;5.0;212.3724365234375;49.0426025390625;10415.296994671226;1793.5889892578125;1765.831787109375;2005.96142578125;1814.8743896484375;4032;3024
img_1707.jpg;5.88;174.7369384765625;41.6522216796875;7278.181697055697;1802.3990478515625;1512.0523681640625;1977.135986328125;1553.70458984375;4032;3024
img_1708.jpg;6.52;160.97021484375;36.345947265625;5850.614940047264;1789.780029296875;1586.727783203125;1950.750244140625;1623.07373046875;4032;3024
img_1709.jpg;7.17;145.9774169921875;33.802001953125;4934.328934282064;1827.5875244140625;1466.418701171875;1973.56494140625;1500.220703125;4032;3024
img_1711.jpg;5.5;187.0447998046875;42.3270263671875;7917.050173178315;1918.3023681640625;1525.8370361328125;2105.34716796875;1568.1640625;4032;3024
img_1712.jpg;4.45;223.9261474609375;47.849853515625;10714.833354324102;1959.3240966796875;1694.159912109375;2183.250244140625;1742.009765625;4032;3024
img_1713.jpg;3.96;269.424072265625;69.506103515625;18726.617456495762;1863.16650390625;1368.60595703125;2132.590576171875;1438.112060546875;4032;3024
img_1714.jpg;3.03;359.9986572265625;87.93017578125;31654.745210945606;1972.0626220703125;1913.1357421875;2332.061279296875;2001.06591796875;4032;3024
img_1715.jpg;4.3;242.1392822265625;59.9044189453125;14505.213005617261;1839.9039306640625;1484.4066162109375;2082.043212890625;1544.31103515625;4032;3024
img_1818.jpg;2.74;300.650146484375;69.853271484375;21001.39630419016;1802.93115234375;1612.2030029296875;2103.581298828125;1682.0562744140625;4032;3024
img_1820.jpg;3.84;217.0157470703125;50.928955078125;11052.385233789682;1906.4964599609375;1471.45849609375;2123.51220703125;1522.387451171875;4032;3024
img_1822.jpg;5.01;161.9827880859375;38.0618896484375;6165.37100507319;1911.6663818359375;1614.7965087890625;2073.649169921875;1652.8583984375;4032;3024
img_1824.jpg;6.1;141.8260498046875;32.2041015625;4567.3805121183395;1855.798095703125;1472.3096923828125;1997.6241455078125;1504.5137939453125;4032;3024
img_1827.jpg;5.55;151.845947265625;37.47021484375;5689.700267195702;1871.70654296875;1428.37646484375;2023.552490234375;1465.8466796875;4032;3024
img_1829.jpg;4.1;206.42919921875;45.7713623046875;9448.54566770792;1848.322265625;1465.418212890625;2054.75146484375;1511.1895751953125;4032;3024
img_1831.jpg;3.64;321.6171875;74.7373046875;24036.801734924316;1838.050537109375;1526.1688232421875;2159.667724609375;1600.9061279296875;4032;3024
img_1832.jpg;1.95;442.0848388671875;98.9139404296875;43728.35341657698;1800.9881591796875;1729.3497314453125;2243.072998046875;1828.263671875;4032;3024
img_1834.jpg;3.01;442.12939453125;99.5238037109375;44002.39907616377;1722.69580078125;1634.1890869140625;2164.8251953125;1733.712890625;4032;3024
img_1835.jpg;3.05;285.763427734375;65.3895263671875;18685.935192614794;1775.660888671875;1597.126953125;2061.42431640625;1662.5164794921875;4032;3024
img_1837.jpg;4.08;210.278564453125;53.4765625;11244.974794387817;1856.55712890625;1456.581298828125;2066.835693359375;1510.057861328125;4032;3024
img_1838.jpg;5.53;184.8787841796875;44.462646484375;8220.200023442507;1843.9151611328125;1586.1788330078125;2028.7939453125;1630.6414794921875;4032;3024
img_1841.jpg;1.06;786.042724609375;168.560791015625;132495.98343223333;1569.462646484375;1860.2000732421875;2355.50537109375;2028.7608642578125;4032;3024
img_1845.jpg;4.35;192.3826904296875;41.4534912109375;7974.934166863561;1811.6842041015625;1533.043212890625;2004.06689453125;1574.4967041015625;4032;3024
img_1847.jpg;6.35;137.246826171875;33.2493896484375;4563.373201400042;1824.810302734375;1377.697021484375;1962.05712890625;1410.9464111328125;4032;3024
img_1848.jpg;5.57;151.8621826171875;34.8363037109375;5290.317115858197;1887.7137451171875;1417.124755859375;2039.575927734375;1451.9610595703125;4032;3024
img_1850.jpg;4.19;199.7188720703125;49.1607666015625;9818.332855775952;1763.4437255859375;1473.2935791015625;1963.16259765625;1522.454345703125;4032;3024
img_1853.jpg;7.17;126.6383056640625;31.2401123046875;3956.1948910206556;1825.009033203125;1517.005126953125;1951.6473388671875;1548.2452392578125;4032;3024
img_1854.jpg;3.89;223.8602294921875;50.3001708984375;11260.20780082047;1737.6175537109375;1538.9005126953125;1961.477783203125;1589.20068359375;4032;3024
img_1856.jpg;3.23;263.4317626953125;58.1396484375;15315.830070376396;1784.4322509765625;1684.0029296875;2047.864013671875;1742.142578125;4032;3024
img_1857.jpg;2.68;327.5469970703125;68.6646728515625;22490.90739734471;1747.4219970703125;1654.919677734375;2074.968994140625;1723.5843505859375;4032;3024
img_1860.jpg;2.32;363.8812255859375;79.1820068359375;28812.84569181502;1738.5401611328125;1569.76318359375;2102.42138671875;1648.9451904296875;4032;3024
img_1861.jpg;3.0;278.32275390625;62.5333251953125;17404.447279274464;1820.732421875;1554.1717529296875;2099.05517578125;1616.705078125;4032;3024
img_1862.jpg;3.46;235.9273681640625;50.2747802734375;11861.196594938636;1810.790283203125;1527.7938232421875;2046.7176513671875;1578.068603515625;4032;3024
img_1863.jpg;3.95;219.5025634765625;50.741943359375;11137.98664316535;1740.7015380859375;1516.2454833984375;1960.2041015625;1566.9874267578125;4032;3024
img_1864.jpg;4.47;190.5272216796875;43.505126953125;8288.910967200994;1856.353759765625;1629.1256103515625;2046.8809814453125;1672.6307373046875;4032;3024
img_1865.jpg;3.52;243.2520751953125;54.0849609375;13156.27898490429;1768.812255859375;1591.637939453125;2012.0643310546875;1645.722900390625;4032;3024
img_1874.jpg;5.27;167.7047119140625;37.96826171875;6367.456393420696;1773.1356201171875;1403.0159912109375;1940.84033203125;1440.9842529296875;4032;3024
img_1878.jpg;8.41;104.7794189453125;22.795166015625;2388.464249879122;1846.553955078125;1426.1710205078125;1951.3333740234375;1448.9661865234375;4032;3024
img_1881.jpg;7.74;118.4261474609375;26.7913818359375;3172.800135985017;1820.66259765625;1524.8492431640625;1939.0887451171875;1551.640625;4032;3024
img_1882.jpg;6.68;143.218017578125;33.5799560546875;4809.254736512899;1818.54296875;1391.6099853515625;1961.760986328125;1425.18994140625;4032;3024
img_1883.jpg;6.4;154.357666015625;33.62255859375;5189.899670004845;1801.97509765625;1505.460693359375;1956.332763671875;1539.083251953125;4032;3024
img_1885.jpg;4.1;211.124267578125;44.920166015625;9483.73714953661;1749.5853271484375;1487.166015625;1960.7095947265625;1532.086181640625;4032;3024
img_1886.jpg;3.41;248.771240234375;53.591796875;13332.097774982452;1739.276123046875;1551.8951416015625;1988.04736328125;1605.4869384765625;4032;3024
img_1887.jpg;2.84;308.3184814453125;61.11962890625;18844.311170876026;1833.5045166015625;1606.990478515625;2141.822998046875;1668.110107421875;4032;3024
img_1890.jpg;1.19;690.9019775390625;133.5970458984375;92302.46320460737;1680.2667236328125;1704.6953125;2371.168701171875;1838.2923583984375;4032;3024
img_1893.jpg;4.37;196.17431640625;46.96875;9214.062423706055;1719.392578125;1515.525390625;1915.56689453125;1562.494140625;4032;3024
img_1896.jpg;6.1;138.7391357421875;32.583251953125;4520.572215646505;1819.821533203125;1654.6229248046875;1958.5606689453125;1687.2061767578125;4032;3024
img_1899.jpg;5.13;163.486572265625;37.74658203125;6171.059311032295;1798.707763671875;1697.1339111328125;1962.1943359375;1734.8804931640625;4032;3024
img_1901.jpg;3.72;225.008056640625;54.6705322265625;12301.31021180749;1734.2572021484375;1637.970703125;1959.2652587890625;1692.6412353515625;4032;3024
img_1902.jpg;3.16;265.6181640625;66.9639892578125;17786.85188496113;1737.913818359375;1710.2315673828125;2003.531982421875;1777.195556640625;4032;3024
img_1903.jpg;2.5;338.6744384765625;86.158203125;29179.581063508987;1739.2044677734375;1806.70947265625;2077.87890625;1892.86767578125;4032;3024
img_1907.jpg;7.07;118.2999267578125;29.069580078125;3438.929194122553;1847.318603515625;1373.33544921875;1965.6185302734375;1402.405029296875;4032;3024
img_1909.jpg;5.72;148.789794921875;35.6380615234375;5302.57986548543;1816.5755615234375;1397.5897216796875;1965.3653564453125;1433.227783203125;4032;3024
img_1910.jpg;4.99;170.4879150390625;39.172607421875;6678.456165999174;1890.1710205078125;1392.4388427734375;2060.658935546875;1431.6114501953125;4032;3024
img_1912.jpg;3.61;238.516357421875;58.31005859375;13907.902776837349;1763.043212890625;1498.3531494140625;2001.5595703125;1556.6632080078125;4032;3024
img_1916.jpg;4.7;183.831298828125;41.161376953125;7566.749386847019;1749.4288330078125;1554.7017822265625;1933.2601318359375;1595.8631591796875;4032;3024
img_1918.jpg;3.43;247.138427734375;59.31005859375;14657.794629693031;1727.36083984375;1681.5814208984375;1974.499267578125;1740.8914794921875;4032;3024
img_1921.jpg;1.89;444.91259765625;93.4625244140625;41582.65452057123;1641.71533203125;1905.8487548828125;2086.6279296875;1999.311279296875;4032;3024
img_1922.jpg;3.68;231.0986328125;50.828857421875;11746.479457616806;1731.77294921875;1601.6512451171875;1962.87158203125;1652.4801025390625;4032;3024
img_1924.jpg;4.85;169.1925048828125;40.3914794921875;6833.935591205955;1849.912353515625;1478.384033203125;2019.1048583984375;1518.7755126953125;4032;3024
img_1925.jpg;5.47;157.57275390625;37.5704345703125;5920.076840698719;1836.2537841796875;1558.6121826171875;1993.8265380859375;1596.1826171875;4032;3024
img_1926.jpg;6.05;141.1031494140625;33.4583740234375;4721.081948980689;1947.4866943359375;1535.6141357421875;2088.58984375;1569.072509765625;4032;3024
img_1927.jpg;6.63;127.5850830078125;32.405517578125;4134.460650116205;1864.794677734375;1634.4996337890625;1992.3797607421875;1666.9051513671875;4032;3024
img_1929.jpg;3.98;210.2652587890625;50.75830078125;10672.707249462605;1889.6851806640625;1643.521484375;2099.950439453125;1694.27978515625;4032;3024
img_1930.jpg;4.41;192.0880126953125;43.6519775390625;8385.021615698934;2027.4317626953125;1553.7353515625;2219.519775390625;1597.3873291015625;4032;3024
img_1932.jpg;2.69;305.109375;69.55029296875;21220.446418762207;1878.764404296875;1721.929443359375;2183.873779296875;1791.479736328125;4032;3024
img_1933.jpg;3.52;246.12255859375;56.2952880859375;13855.540340483189;1751.202880859375;1575.375;1997.325439453125;1631.6702880859375;4032;3024
img_1937.jpg;6.21;139.7161865234375;32.5472412109375;4547.376423850656;1859.95654296875;1465.1280517578125;1999.6727294921875;1497.67529296875;4032;3024
img_1938.jpg;6.87;137.2222900390625;31.594970703125;4335.534233599901;1849.2255859375;1548.6307373046875;1986.4478759765625;1580.2257080078125;4032;3024
img_1939.jpg;7.47;126.76513671875;28.3760986328125;3597.1000227332115;1805.42236328125;1596.360107421875;1932.1875;1624.7362060546875;4032;3024
img_1945.jpg;2.66;321.9576416015625;62.970458984375;20273.820465177298;1798.5101318359375;1598.6580810546875;2120.4677734375;1661.6285400390625;4032;3024
img_1948.jpg;3.91;214.29345703125;44.237060546875;9479.712633490562;1794.0362548828125;1433.6405029296875;2008.3297119140625;1477.8775634765625;4032;3024
img_1950.jpg;5.54;158.73046875;34.246826171875;5436.014771461487;1794.23583984375;1479.7872314453125;1952.96630859375;1514.0340576171875;4032;3024
img_1951.jpg;6.13;141.1817626953125;30.103759765625;4250.101867467165;1833.2354736328125;1383.51220703125;1974.417236328125;1413.615966796875;4032;3024
img_1958.jpg;4.69;180.615966796875;40.4630126953125;7308.266157478094;1751.4541015625;1530.0714111328125;1932.070068359375;1570.534423828125;4032;3024
img_1959.jpg;3.79;229.4132080078125;47.11962890625;10809.865227520466;1762.4566650390625;1655.336669921875;1991.869873046875;1702.456298828125;4032;3024
img_1963.jpg;3.72;236.9501953125;50.426513671875;11948.572263479233;1738.6224365234375;1515.6109619140625;1975.5726318359375;1566.0374755859375;4032;3024
img_1964.jpg;4.26;205.03076171875;43.3707275390625;8892.333303630352;1711.1412353515625;1526.06103515625;1916.1719970703125;1569.4317626953125;4032;3024
img_1965.jpg;5.67;146.703857421875;33.1298828125;4860.281604528427;1816.327880859375;1429.954833984375;1963.03173828125;1463.084716796875;4032;3024
img_1966.jpg;6.31;140.0565185546875;32.04736328125;4488.4421300292015;1817.5482177734375;1454.4169921875;1957.604736328125;1486.46435546875;4032;3024
img_1967.jpg;6.79;140.15625;29.92919921875;4194.76432800293;1820.952880859375;1523.105712890625;1961.109130859375;1553.034912109375;4032;3024
img_1968.jpg;7.43;133.5416259765625;30.182373046875;4030.6031725108624;1810.2205810546875;1502.1790771484375;1943.76220703125;1532.3614501953125;4032;3024
img_1970.jpg;4.45;191.6063232421875;42.362548828125;8116.93222412467;1739.133056640625;1487.54296875;1930.7393798828125;1529.905517578125;4032;3024
img_1971.jpg;3.84;224.7266845703125;50.58544921875;11367.900290429592;1706.2694091796875;1549.1165771484375;1930.99609375;1599.7020263671875;4032;3024
img_1973.jpg;2.52;347.7939453125;78.818359375;27412.54817008972;1618.5838623046875;1673.709716796875;1966.3778076171875;1752.528076171875;4032;3024
img_1976.jpg;1.53;602.8515625;145.8370361328125;87918.08510303497;1574.98046875;1617.6348876953125;2177.83203125;1763.471923828125;4032;3024
img_1977.jpg;2.2;368.2828369140625;89.134765625;32826.80435204506;1698.3760986328125;1847.51220703125;2066.658935546875;1936.64697265625;4032;3024
img_1979.jpg;3.46;234.4512939453125;55.5782470703125;13030.39194084704;1837.8734130859375;1675.68115234375;2072.32470703125;1731.2593994140625;4032;3024
img_1980.jpg;1.7;476.70458984375;104.2591552734375;49700.81785207987;1658.013916015625;1766.0474853515625;2134.718505859375;1870.306640625;4032;3024
img_1983.jpg;3.63;232.3916015625;56.7340087890625;13184.507165551186;1781.714111328125;1512.120361328125;2014.105712890625;1568.8543701171875;4032;3024
img_1984.jpg;4.22;199.179443359375;44.89794921875;8942.74853336811;1843.2655029296875;1533.3450927734375;2042.4449462890625;1578.2430419921875;4032;3024
img_1985.jpg;4.86;176.645263671875;41.3642578125;7306.800227880478;1696.9053955078125;1475.780517578125;1873.5506591796875;1517.144775390625;4032;3024
img_1991.jpg;6.41;153.6474609375;34.1307373046875;5244.101126790047;1745.353759765625;1390.1136474609375;1899.001220703125;1424.244384765625;4032;3024
img_1992.jpg;5.73;157.3084716796875;35.79833984375;5631.3821294903755;1792.68408203125;1499.227783203125;1949.9925537109375;1535.026123046875;4032;3024
img_1994.jpg;4.42;198.9478759765625;43.2987060546875;8614.185602113605;1698.0408935546875;1513.62451171875;1896.98876953125;1556.9232177734375;4032;3024
img_1996.jpg;3.11;286.504638671875;61.822509765625;17712.435822188854;1699.998291015625;1680.0208740234375;1986.5029296875;1741.8433837890625;4032;3024
img_2001.jpg;1.16;740.5093994140625;159.7398681640625;118288.87383665144;1508.8299560546875;1932.8699951171875;2249.33935546875;2092.60986328125;4032;3024
img_2002.jpg;2.11;402.287109375;87.2186279296875;35086.929713487625;1638.1016845703125;1619.5711669921875;2040.3887939453125;1706.789794921875;4032;3024
img_2003.jpg;2.85;306.6693115234375;66.71484375;20459.395201206207;1647.24267578125;1594.4482421875;1953.9119873046875;1661.1630859375;4032;3024
img_2005.jpg;3.85;223.3939208984375;50.88037109375;11366.365595400333;1685.546142578125;1480.470947265625;1908.9400634765625;1531.351318359375;4032;3024
img_2007.jpg;6.32;149.0721435546875;34.544921875;5149.6855528354645;1752.907958984375;1463.742919921875;1901.9801025390625;1498.287841796875;4032;3024
img_2008.jpg;5.27;177.8023681640625;38.7613525390625;6891.860274687409;1811.487548828125;1513.025390625;1989.2899169921875;1551.7867431640625;4032;3024
img_2010.jpg;1.98;409.0247802734375;93.1953125;38119.19221782684;1760.2689208984375;1607.29931640625;2169.293701171875;1700.49462890625;4032;3024
img_2012.jpg;3.5;237.8016357421875;56.7825927734375;13502.993443205953;1832.1297607421875;1522.89501953125;2069.931396484375;1579.6776123046875;4032;3024
img_2014.jpg;3.63;233.6187744140625;53.410400390625;12477.672280222178;1836.7459716796875;1656.0389404296875;2070.36474609375;1709.4493408203125;4032;3024
img_2016.jpg;5.69;151.1920166015625;35.5478515625;5374.5513635873795;1900.9437255859375;1484.4051513671875;2052.1357421875;1519.9530029296875;4032;3024
img_2018.jpg;6.83;139.3851318359375;32.860595703125;4580.2784642875195;1860.90087890625;1540.1588134765625;2000.2860107421875;1573.0194091796875;4032;3024
img_2021.jpg;2.12;394.4539794921875;83.845947265625;33073.36756321788;1740.4454345703125;1571.267822265625;2134.8994140625;1655.11376953125;4032;3024
img_2025.jpg;4.36;195.171142578125;43.60693359375;8510.81505382061;1779.903564453125;1543.262939453125;1975.07470703125;1586.869873046875;4032;3024
img_2026.jpg;4.91;177.1923828125;39.5936279296875;7015.689277052879;1790.0084228515625;1612.28076171875;1967.2008056640625;1651.8743896484375;4032;3024
img_2027.jpg;5.4;158.184814453125;34.9339599609375;5526.021974533796;1821.6683349609375;1548.1552734375;1979.8531494140625;1583.0892333984375;4032;3024
img_2030.jpg;7.06;124.5010986328125;28.9002685546875;3598.115185841918;1856.0228271484375;1648.389892578125;1980.52392578125;1677.2901611328125;4032;3024
img_2254.jpg;1.93;445.55029296875;99.078857421875;44144.61395132542;1722.2724609375;1525.0968017578125;2167.82275390625;1624.1756591796875;4032;3024
img_2255.jpg;1.57;588.6685791015625;134.9620361328125;79447.91004295647;1688.2396240234375;1511.9149169921875;2276.908203125;1646.876953125;4032;3024
img_2256.jpg;2.38;369.5655517578125;82.778564453125;30592.105845838785;1732.8050537109375;1328.26513671875;2102.37060546875;1411.043701171875;4032;3024
img_2260.jpg;4.84;177.2432861328125;38.9833984375;6909.545643687248;1831.5716552734375;1404.86865234375;2008.81494140625;1443.85205078125;4032;3024
img_2261.jpg;4.39;197.1353759765625;42.796142578125;8436.633657485247;1928.4971923828125;1333.3499755859375;2125.632568359375;1376.1461181640625;4032;3024
img_2264.jpg;1.43;628.6500244140625;150.5162353515625;94622.03502847254;1621.2808837890625;1664.10205078125;2249.930908203125;1814.6182861328125;4032;3024
img_2266.jpg;2.77;300.826416015625;62.6378173828125;18843.1101103127;1813.318115234375;1559.5831298828125;2114.14453125;1622.220947265625;4032;3024
img_2268.jpg;2.96;280.5833740234375;59.7222900390625;16757.08164356649;1824.5345458984375;1625.418212890625;2105.117919921875;1685.1405029296875;4032;3024
img_2269.jpg;3.55;234.7117919921875;48.561767578125;11398.01949056983;1824.3175048828125;1555.771728515625;2059.029296875;1604.33349609375;4032;3024
img_2270.jpg;3.91;213.61669921875;51.006103515625;10895.755473017693;1807.2276611328125;1530.59619140625;2020.8443603515625;1581.602294921875;4032;3024
img_2271.jpg;4.3;200.7266845703125;45.19970703125;9072.787335932255;1817.87353515625;1763.65869140625;2018.6002197265625;1808.8583984375;4032;3024
img_2272.jpg;4.79;176.62109375;36.775146484375;6495.26659488678;1795.5439453125;1597.8916015625;1972.1650390625;1634.666748046875;4032;3024
img_2275.jpg;6.49;133.80029296875;36.322265625;4859.929781913757;1837.367431640625;1596.1055908203125;1971.167724609375;1632.4278564453125;4032;3024
img_2277.jpg;7.7;113.594970703125;30.4730224609375;3461.5820936858654;1837.3577880859375;1438.210693359375;1950.9527587890625;1468.6837158203125;4032;3024
img_2278.jpg;6.0;140.5672607421875;33.0;4638.7196044921875;1844.113037109375;1496.8516845703125;1984.6802978515625;1529.8516845703125;4032;3024
img_2280.jpg;3.94;216.2806396484375;50.65576171875;10955.860546410084;1719.657470703125;1534.3583984375;1935.9381103515625;1585.01416015625;4032;3024
img_2282.jpg;2.38;359.569580078125;81.7176513671875;29383.181587070227;1805.535888671875;1836.3251953125;2165.10546875;1918.0428466796875;4032;3024
img_2285.jpg;4.33;197.2763671875;51.3389892578125;10127.969295859337;1748.0159912109375;1667.61865234375;1945.2923583984375;1718.9576416015625;4032;3024
img_2287.jpg;5.54;154.9791259765625;37.451171875;5804.149883985519;1809.92041015625;1619.00634765625;1964.8995361328125;1656.45751953125;4032;3024
img_2289.jpg;7.55;113.50341796875;28.458251953125;3230.108866095543;1833.556640625;1566.0789794921875;1947.06005859375;1594.5372314453125;4032;3024
img_2290.jpg;5.09;167.140380859375;40.6654052734375;6796.83132520318;1782.2969970703125;1642.3167724609375;1949.4373779296875;1682.982177734375;4032;3024
img_2291.jpg;4.39;193.6192626953125;43.03076171875;8331.584357202053;1807.967041015625;1642.6195068359375;2001.5863037109375;1685.6502685546875;4032;3024
img_2294.jpg;2.1;415.4481201171875;96.7840576171875;40208.75479437411;1739.7586669921875;1923.9072265625;2155.206787109375;2020.6912841796875;4032;3024
img_2295.jpg;1.64;500.8768310546875;120.8173828125;60514.62783944607;1805.5177001953125;1880.274658203125;2306.39453125;2001.092041015625;4032;3024
img_2296.jpg;2.6;316.0528564453125;75.4393310546875;23842.816068157554;1811.0164794921875;1620.4884033203125;2127.0693359375;1695.927734375;4032;3024
img_2297.jpg;3.15;269.6533203125;62.69921875;16907.052516937256;1876.392333984375;1678.9215087890625;2146.045654296875;1741.6207275390625;4032;3024
img_2300.jpg;2.7;319.205078125;69.088134765625;22053.283455371857;1749.696044921875;1533.322998046875;2068.901123046875;1602.4111328125;4032;3024
img_2301.jpg;2.14;399.479736328125;87.6524658203125;35015.383934408426;1717.901123046875;1569.2213134765625;2117.380859375;1656.873779296875;4032;3024
img_2302.jpg;1.67;502.7091064453125;126.6053466796875;63645.660700544715;1695.1690673828125;1555.9681396484375;2197.878173828125;1682.573486328125;4032;3024
img_2304.jpg;2.1;399.478515625;88.925537109375;35523.84156560898;1703.966552734375;1451.116455078125;2103.445068359375;1540.0419921875;4032;3024
img_2305.jpg;2.74;299.28125;65.8306884765625;19701.89073562622;1790.12353515625;1499.40869140625;2089.40478515625;1565.2393798828125;4032;3024
img_2306.jpg;3.24;257.6451416015625;56.66552734375;14599.59781640768;1763.98583984375;1510.3858642578125;2021.6309814453125;1567.0513916015625;4032;3024
img_2308.jpg;4.39;194.195556640625;44.505126953125;8642.697902023792;1832.8568115234375;1340.122314453125;2027.0523681640625;1384.62744140625;4032;3024
img_2309.jpg;5.02;169.8277587890625;38.6494140625;6563.74336874485;1745.0582275390625;1407.2471923828125;1914.885986328125;1445.8966064453125;4032;3024
img_2310.jpg;5.56;153.15673828125;36.904296875;5652.141737937927;1859.4931640625;1470.0244140625;2012.64990234375;1506.9287109375;4032;3024
img_2313.jpg;4.15;161.0018310546875;36.552734375;5885.057164430618;1834.4261474609375;1293.7978515625;1995.427978515625;1330.3505859375;4032;3024
img_2316.jpg;2.92;295.0875244140625;71.1956787109375;21008.95657978952;1771.2725830078125;1494.75048828125;2066.360107421875;1565.9461669921875;4032;3024
img_2319.jpg;2.33;382.7244873046875;74.54248046875;28529.232619822025;1516.9876708984375;1791.19580078125;1899.712158203125;1865.73828125;4032;3024
img_2320.jpg;1.77;497.0137939453125;108.2027587890625;53778.26366110146;1345.6513671875;1912.254150390625;1842.6651611328125;2020.4569091796875;4032;3024
img_2321.jpg;1.32;674.433349609375;156.7186279296875;105696.26918080449;1148.7025146484375;1977.2364501953125;1823.1358642578125;2133.955078125;4032;3024
img_2322.jpg;2.41;367.94482421875;79.1295166015625;29115.296076476574;1495.770751953125;1638.0654296875;1863.715576171875;1717.1949462890625;4032;3024
img_2327.jpg;5.4;156.3260498046875;40.4022216796875;6315.919718518853;1726.626220703125;1527.9459228515625;1882.9522705078125;1568.34814453125;4032;3024
img_2330.jpg;7.2;119.0301513671875;28.290771484375;3367.454812079668;1661.4478759765625;1324.8660888671875;1780.47802734375;1353.1568603515625;4032;3024
img_2331.jpg;7.92;105.0936279296875;24.837158203125;2610.2270630300045;1779.9581298828125;1536.4873046875;1885.0517578125;1561.324462890625;4032;3024
img_2332.jpg;8.51;96.787841796875;23.302001953125;2255.3504785895348;1790.0960693359375;1574.7060546875;1886.8839111328125;1598.008056640625;4032;3024
img_2333.jpg;9.06;86.117919921875;20.6328125;1776.8548946380615;2206.69287109375;1483.279052734375;2292.810791015625;1503.911865234375;4032;3024
img_2336.jpg;5.22;162.82861328125;36.0029296875;5862.307115077972;1804.1434326171875;1441.135986328125;1966.9720458984375;1477.138916015625;4032;3024
img_2341.jpg;8.03;104.2510986328125;23.62646484375;2463.084916770458;1834.1519775390625;1409.1634521484375;1938.403076171875;1432.7899169921875;4032;3024
img_2342.jpg;2.65;306.0848388671875;59.1279296875;18098.16283094883;1773.9100341796875;1675.4405517578125;2079.994873046875;1734.5684814453125;4032;3024
img_2344.jpg;3.71;226.74853515625;49.9041748046875;11315.698535144329;1867.535400390625;1578.888916015625;2094.283935546875;1628.7930908203125;4032;3024
img_2345.jpg;2.61;304.9482421875;63.1495361328125;19257.34003865719;1823.087158203125;1501.244384765625;2128.035400390625;1564.3939208984375;4032;3024
img_2347.jpg;1.58;538.2442626953125;116.26123046875;62576.940273702145;1651.3570556640625;1907.7667236328125;2189.601318359375;2024.0279541015625;4032;3024
img_2350.jpg;3.1;275.3642578125;63.3753662109375;17451.310680270195;1790.075439453125;1517.484619140625;2065.439697265625;1580.8599853515625;4032;3024
img_2352.jpg;2.53;329.08154296875;82.0985107421875;27017.10459047556;1839.3701171875;1572.533935546875;2168.45166015625;1654.6324462890625;4032;3024
img_2359.jpg;1.98;435.538330078125;92.0013427734375;40070.11119648814;1747.055419921875;1677.1732177734375;2182.59375;1769.174560546875;4032;3024
img_2361.jpg;3.45;242.642578125;58.0201416015625;14078.156741380692;1866.618896484375;1483.43408203125;2109.261474609375;1541.4542236328125;4032;3024
img_2369.jpg;3.79;227.1300048828125;49.6993408203125;11288.21152319014;1774.59228515625;1390.81640625;2001.7222900390625;1440.5157470703125;4032;3024
img_2372.jpg;1.61;517.8062744140625;106.8077392578125;55305.717543676496;1729.0655517578125;1684.315185546875;2246.871826171875;1791.1229248046875;4032;3024
img_2373.jpg;1.85;466.896728515625;100.8450927734375;47084.243902772665;1713.11328125;1759.6397705078125;2180.010009765625;1860.48486328125;4032;3024
img_2374.jpg;1.34;693.795654296875;149.3876953125;103644.53381323814;1592.717529296875;1984.255126953125;2286.51318359375;2133.642822265625;4032;3024
img_2376.jpg;2.92;284.935302734375;60.7113037109375;17298.79370227456;1904.155517578125;1675.9700927734375;2189.0908203125;1736.681396484375;4032;3024
img_2378.jpg;4.11;206.2918701171875;48.2518310546875;9953.960464850068;1822.9432373046875;1520.4244384765625;2029.235107421875;1568.67626953125;4032;3024
img_2383.jpg;3.96;214.0284423828125;46.5294189453125;9958.61906184256;1845.9781494140625;1607.167236328125;2060.006591796875;1653.6966552734375;4032;3024
img_2384.jpg;3.27;256.367919921875;55.5238037109375;14234.522063523531;1796.048583984375;1596.0682373046875;2052.41650390625;1651.592041015625;4032;3024
img_2385.jpg;2.66;313.5692138671875;65.6328125;20580.429419517517;1899.7135009765625;1640.0418701171875;2213.28271484375;1705.6746826171875;4032;3024
img_2390.jpg;1.25;699.8006591796875;153.22216796875;107224.97414547205;1564.3026123046875;1667.7322998046875;2264.103271484375;1820.9544677734375;4032;3024
img_2397.jpg;3.35;257.18212890625;73.5738525390625;18921.8800278306;1797.02587890625;1709.33447265625;2054.2080078125;1782.9083251953125;4032;3024
img_2398.jpg;3.93;216.1676025390625;47.8570556640625;10345.144987478852;1794.5753173828125;1652.521240234375;2010.742919921875;1700.3782958984375;4032;3024
img_2404.jpg;5.12;165.508056640625;35.0252685546875;5796.9641318023205;1788.62158203125;1392.59716796875;1954.129638671875;1427.6224365234375;4032;3024
img_2405.jpg;4.35;192.2833251953125;42.9052734375;8249.968644976616;1894.5980224609375;1368.9068603515625;2086.88134765625;1411.8121337890625;4032;3024
img_2406.jpg;3.75;224.2464599609375;51.1978759765625;11480.942445263267;1764.376708984375;1496.6873779296875;1988.6231689453125;1547.88525390625;4032;3024
img_2408.jpg;2.81;307.6826171875;62.128662109375;19115.909360170364;1729.566162109375;1492.2879638671875;2037.248779296875;1554.4166259765625;4032;3024
img_2409.jpg;2.28;374.501220703125;82.2738037109375;30811.63992163539;1669.5406494140625;1546.81201171875;2044.0418701171875;1629.0858154296875;4032;3024
img_2410.jpg;1.83;481.3740234375;104.146484375;50133.41221046448;1572.969482421875;1455.8526611328125;2054.343505859375;1559.9991455078125;4032;3024
img_2411.jpg;1.33;635.6380615234375;141.3258056640625;89832.06115554273;1671.8011474609375;1579.3641357421875;2307.439208984375;1720.68994140625;4032;3024
img_2418.jpg;4.09;207.974609375;48.2376708984375;10032.210762262344;1707.3243408203125;1381.759521484375;1915.2989501953125;1429.9971923828125;4032;3024
img_2420.jpg;2.67;323.52587890625;69.00244140625;22324.07550263405;1718.7652587890625;1652.9326171875;2042.2911376953125;1721.93505859375;4032;3024
img_2422.jpg;4.02;212.7799072265625;51.329345703125;10921.853416711092;1758.328857421875;1534.6630859375;1971.1087646484375;1585.992431640625;4032;3024
img_2423.jpg;4.38;196.5911865234375;44.541748046875;8756.515098363161;1787.52978515625;1527.2984619140625;1984.1209716796875;1571.8402099609375;4032;3024
img_2426.jpg;2.12;403.73291015625;88.3021240234375;35650.47350496054;1624.135009765625;1597.41650390625;2027.867919921875;1685.7186279296875;4032;3024
img_2427.jpg;1.64;544.545654296875;123.4759521484375;67238.29315260053;1578.255615234375;1728.1669921875;2122.80126953125;1851.6429443359375;4032;3024
img_2429.jpg;2.67;319.1324462890625;73.68017578125;23513.73474007845;1777.3297119140625;1718.1793212890625;2096.462158203125;1791.8594970703125;4032;3024
img_2430.jpg;2.12;414.88037109375;91.5511474609375;37982.77403265238;1668.738525390625;1887.2630615234375;2083.618896484375;1978.814208984375;4032;3024
img_2432.jpg;1.34;705.069091796875;170.62255859375;120300.6924277544;1576.81591796875;2366.275146484375;2281.885009765625;2536.897705078125;4032;3024
img_2434.jpg;3.27;256.9649658203125;58.8359375;15118.774668693542;1774.435791015625;1657.84033203125;2031.4007568359375;1716.67626953125;4032;3024
img_2436.jpg;4.42;190.772705078125;43.8699951171875;8369.197640269995;1820.9127197265625;1639.5592041015625;2011.6854248046875;1683.42919921875;4032;3024
img_2437.jpg;5.02;172.864013671875;41.3809814453125;7153.282542318106;1749.9046630859375;1678.675048828125;1922.7686767578125;1720.0560302734375;4032;3024
img_2440.jpg;6.67;130.34130859375;30.990478515625;4039.3395236730576;1799.7803955078125;1565.9742431640625;1930.1217041015625;1596.9647216796875;4032;3024
img_2442.jpg;5.62;152.6546630859375;35.6732177734375;5445.683040395379;1739.98095703125;1578.9974365234375;1892.6356201171875;1614.670654296875;4032;3024
img_2443.jpg;4.59;184.56884765625;43.95654296875;8113.008482694626;1770.639404296875;1652.7021484375;1955.208251953125;1696.65869140625;4032;3024
img_2445.jpg;3.29;253.336181640625;57.63623046875;14601.342551112175;1787.4949951171875;1609.3358154296875;2040.8311767578125;1666.9720458984375;4032;3024
img_2449.jpg;1.2;693.080810546875;151.7298583984375;105161.05324295163;1588.139404296875;1755.34375;2281.22021484375;1907.0736083984375;4032;3024
img_2450.jpg;2.31;372.853515625;82.6171875;30804.108810424805;1614.195556640625;1550.011962890625;1987.049072265625;1632.629150390625;4032;3024
img_2451.jpg;2.87;301.537109375;70.1666259765625;21157.841571569443;1654.68701171875;1634.80517578125;1956.22412109375;1704.9718017578125;4032;3024
img_2452.jpg;3.42;252.6563720703125;59.4052734375;15009.120868563652;1703.382568359375;1574.4163818359375;1956.0389404296875;1633.8216552734375;4032;3024
img_2453.jpg;4.01;207.1251220703125;48.0023193359375;9942.486252114177;1725.656982421875;1471.7333984375;1932.7821044921875;1519.7357177734375;4032;3024
img_2454.jpg;4.8;180.9833984375;42.8731689453125;7759.331817507744;1809.5347900390625;1559.03125;1990.5181884765625;1601.9044189453125;4032;3024
img_2455.jpg;5.5;159.697998046875;38.736572265625;6186.1530420184135;1797.669921875;1537.8331298828125;1957.367919921875;1576.5697021484375;4032;3024
img_2458.jpg;7.19;129.36572265625;31.9664306640625;4135.360403597355;1777.6114501953125;1537.7647705078125;1906.9771728515625;1569.731201171875;4032;3024
img_2459.jpg;5.49;155.1190185546875;37.614990234375;5834.800368100405;1771.81689453125;1614.571044921875;1926.9359130859375;1652.18603515625;4032;3024
img_2460.jpg;4.34;201.4781494140625;48.63232421875;9798.350685298443;1714.370849609375;1524.4859619140625;1915.8489990234375;1573.1182861328125;4032;3024
img_2462.jpg;2.84;301.240966796875;70.8555908203125;21344.60668167472;1755.203857421875;1510.587646484375;2056.44482421875;1581.4432373046875;4032;3024
img_2463.jpg;2.1;403.854736328125;91.7503662109375;37053.81995412707;1720.247314453125;1531.7432861328125;2124.10205078125;1623.49365234375;4032;3024
img_2468.jpg;4.06;224.7642822265625;57.4129638671875;12904.383614107966;1799.1163330078125;1687.1480712890625;2023.880615234375;1744.56103515625;4032;3024
img_2469.jpg;3.44;243.624267578125;66.48486328125;16197.326121926308;1828.718505859375;1638.0020751953125;2072.3427734375;1704.4869384765625;4032;3024
img_2470.jpg;2.87;300.3690185546875;84.119140625;25266.783711194992;1794.3555908203125;1697.1773681640625;2094.724609375;1781.2965087890625;4032;3024
img_2474.jpg;1.2;761.1920166015625;174.76513671875;133029.8268505931;1564.5111083984375;2225.714599609375;2325.703125;2400.479736328125;4032;3024
img_2476.jpg;2.89;301.2509765625;79.20947265625;23861.930990695953;1744.147705078125;1681.524658203125;2045.398681640625;1760.734130859375;4032;3024
img_2477.jpg;3.52;244.9586181640625;67.763916015625;16599.355228573084;1777.2657470703125;1727.5572509765625;2022.224365234375;1795.3211669921875;4032;3024
img_2480.jpg;3.93;220.7010498046875;46.791015625;10326.826269865036;1799.3292236328125;1505.4603271484375;2020.0302734375;1552.2513427734375;4032;3024
img_2484.jpg;1.57;539.8546142578125;126.2738037109375;68169.4955932349;1660.7918701171875;1834.955810546875;2200.646484375;1961.2296142578125;4032;3024
img_2485.jpg;2.78;314.2989501953125;69.454345703125;21829.4279409945;1783.0721435546875;1577.2279052734375;2097.37109375;1646.6822509765625;4032;3024
img_2487.jpg;4.43;189.93212890625;43.3978271484375;8242.641700208187;1815.19140625;1520.703369140625;2005.12353515625;1564.1011962890625;4032;3024
img_2490.jpg;5.15;168.70263671875;41.994140625;7084.522250175476;1782.094482421875;1569.022705078125;1950.797119140625;1611.016845703125;4032;3024
img_2492.jpg;6.31;141.7919921875;32.4918212890625;4607.080070376396;1820.6204833984375;1550.1783447265625;1962.4124755859375;1582.670166015625;4032;3024
img_2494.jpg;7.39;117.23291015625;26.5936279296875;3117.6483938097954;1826.3116455078125;1518.9610595703125;1943.5445556640625;1545.5546875;4032;3024
img_2495.jpg;6.12;148.0087890625;35.801025390625;5298.866415262222;1814.3978271484375;1592.155029296875;1962.4066162109375;1627.9560546875;4032;3024
img_2502.jpg;4.41;198.0870361328125;45.2882080078125;8971.006896033883;1796.6663818359375;1690.9046630859375;1994.75341796875;1736.19287109375;4032;3024
img_2503.jpg;4.98;179.3458251953125;42.5087890625;7623.773852467537;1827.469970703125;1629.21826171875;2006.8157958984375;1671.72705078125;4032;3024
img_2504.jpg;5.46;162.642578125;36.8321533203125;5990.476373910904;1807.359130859375;1631.510009765625;1970.001708984375;1668.3421630859375;4032;3024
img_2505.jpg;6.01;145.9266357421875;32.4248046875;4731.642662644386;1826.3775634765625;1674.349853515625;1972.30419921875;1706.774658203125;4032;3024
img_2507.jpg;5.38;163.1817626953125;36.9703369140625;6032.884745076299;1901.5863037109375;1511.9605712890625;2064.76806640625;1548.930908203125;4032;3024
img_2510.jpg;3.24;257.179931640625;57.8577880859375;14879.861984819174;1828.27880859375;1699.402587890625;2085.458740234375;1757.2603759765625;4032;3024
img_2511.jpg;3.6;335.033203125;74.0316162109375;24803.049511671066;1806.33203125;1903.5015869140625;2141.365234375;1977.533203125;4032;3024
img_2512.jpg;2.04;445.0623779296875;94.2481689453125;41946.31418631971;1682.8707275390625;2023.0252685546875;2127.93310546875;2117.2734375;4032;3024
img_2514.jpg;2.5;411.554443359375;81.0321044921875;33349.12265852094;1734.547119140625;1644.6871337890625;2146.1015625;1725.71923828125;4032;3024
img_2516.jpg;2.51;332.30078125;67.978759765625;22589.394978523254;1771.172607421875;1482.1717529296875;2103.473388671875;1550.1505126953125;4032;3024
img_2519.jpg;2.54;337.4306640625;80.1690673828125;27051.50164425373;1796.4033203125;1504.4276123046875;2133.833984375;1584.5966796875;4032;3024
img_2520.jpg;1.97;445.2796630859375;107.5059814453125;47870.2271976918;1684.3255615234375;1623.943603515625;2129.605224609375;1731.4495849609375;4032;3024
img_2527.jpg;4.96;178.3580322265625;42.113525390625;7511.285518795252;1806.2855224609375;1542.9627685546875;1984.6435546875;1585.0762939453125;4032;3024
img_2528.jpg;5.58;159.78173828125;40.1876220703125;6421.248111784458;1763.217041015625;1588.93798828125;1922.998779296875;1629.1256103515625;4032;3024
img_2533.jpg;3.27;258.5225830078125;60.350341796875;15601.926246732473;1762.7789306640625;1515.1761474609375;2021.301513671875;1575.5264892578125;4032;3024
img_2535.jpg;3.23;271.113037109375;56.3173828125;15268.37669634819;1770.81591796875;1571.9368896484375;2041.928955078125;1628.2542724609375;4032;3024
img_2536.jpg;2.6;324.1788330078125;68.3153076171875;22146.376699909568;1715.81689453125;1631.596435546875;2039.9957275390625;1699.9117431640625;4032;3024
img_2538.jpg;3.03;286.2034912109375;58.841552734375;16840.65782085061;1681.5128173828125;1562.6612548828125;1967.71630859375;1621.5028076171875;4032;3024
img_2539.jpg;3.53;246.94091796875;48.752197265625;12038.912345767021;1722.430419921875;1554.5697021484375;1969.371337890625;1603.3218994140625;4032;3024
img_2544.jpg;6.4;143.974853515625;30.103759765625;4334.184402525425;1798.86083984375;1690.44384765625;1942.835693359375;1720.547607421875;4032;3024
img_2547.jpg;4.63;187.433837890625;41.804931640625;7835.658780157566;1784.92578125;1348.237060546875;1972.359619140625;1390.0419921875;4032;3024
img_2548.jpg;4.03;209.2542724609375;52.89208984375;11067.895779192448;1888.1995849609375;1665.1436767578125;2097.453857421875;1718.0357666015625;4032;3024
img_2549.jpg;3.37;253.2061767578125;65.495849609375;16583.95367309451;1790.5040283203125;1713.0977783203125;2043.710205078125;1778.5936279296875;4032;3024
img_2550.jpg;2.78;324.8037109375;84.874267578125;27567.47707247734;1736.3447265625;1887.1171875;2061.1484375;1971.991455078125;4032;3024
img_2553.jpg;3.35;253.0155029296875;64.7333984375;16378.55336201191;1748.3822021484375;1652.124755859375;2001.397705078125;1716.858154296875;4032;3024
img_2554.jpg;4.03;214.1693115234375;54.0279541015625;11571.129732951522;1775.9544677734375;1760.4949951171875;1990.123779296875;1814.52294921875;4032;3024
img_2561.jpg;6.26;138.0927734375;32.57568359375;4498.4664940834045;1828.302490234375;1479.8055419921875;1966.395263671875;1512.3812255859375;4032;3024
img_2562.jpg;5.57;152.765380859375;38.8583984375;5936.21803689003;1869.09619140625;1554.576416015625;2021.861572265625;1593.434814453125;4032;3024
img_2563.jpg;4.88;177.3824462890625;41.65673828125;7389.174140751362;1837.7647705078125;1646.207763671875;2015.147216796875;1687.864501953125;4032;3024
img_2568.jpg;3.31;267.727294921875;73.493408203125;19676.191372811794;1631.2425537109375;1594.4683837890625;1898.9698486328125;1667.9617919921875;4032;3024
img_2570.jpg;2.07;415.1492919921875;108.7169189453125;45133.75192771852;1563.0587158203125;1676.187744140625;1978.2080078125;1784.9046630859375;4032;3024
img_2574.jpg;4.41;197.3533935546875;48.3583984375;9543.694038510323;1649.7628173828125;1565.5677490234375;1847.1162109375;1613.9261474609375;4032;3024
img_2575.jpg;5.03;179.478515625;40.840087890625;7329.918352603912;1695.527587890625;1536.7576904296875;1875.006103515625;1577.5977783203125;4032;3024
img_2577.jpg;6.32;142.4840087890625;34.859375;4966.903493881226;1708.8843994140625;1560.875244140625;1851.368408203125;1595.734619140625;4032;3024
img_2578.jpg;6.87;121.0457763671875;33.23095703125;4022.4669932723045;1744.4720458984375;1569.6923828125;1865.517822265625;1602.92333984375;4032;3024
img_2579.jpg;7.51;108.178955078125;29.08447265625;3146.3278609514236;1823.4002685546875;1716.9102783203125;1931.5792236328125;1745.9947509765625;4032;3024
img_2581.jpg;8.74;90.65841674804688;41.296142578125;3743.842903934419;266.52734375;1671.5338134765625;357.1857604980469;1712.8299560546875;4032;3024
img_2583.jpg;6.16;142.747802734375;36.9052734375;5268.14669251442;1711.1280517578125;1583.586669921875;1853.8758544921875;1620.491943359375;4032;3024
img_2584.jpg;2.8;303.7681884765625;71.462890625;21708.15282845497;1723.439208984375;1482.7381591796875;2027.2073974609375;1554.2010498046875;4032;3024
img_2586.jpg;4.37;202.5816650390625;50.0850830078125;10146.319509342313;1761.15673828125;1624.6295166015625;1963.7384033203125;1674.714599609375;4032;3024
img_2588.jpg;5.56;160.378173828125;35.90869140625;5758.970352292061;1802.07421875;1308.5517578125;1962.452392578125;1344.46044921875;4032;3024
img_2590.jpg;4.7;182.3624267578125;40.7529296875;7431.803155303001;1772.8585205078125;1523.6829833984375;1955.220947265625;1564.4359130859375;4032;3024
img_2593.jpg;2.55;330.4833984375;74.2728271484375;24545.936327576637;1706.3388671875;1463.2862548828125;2036.822265625;1537.55908203125;4032;3024
img_2597.jpg;3.67;237.677001953125;48.966064453125;11638.107396662235;1738.08984375;1567.271728515625;1975.766845703125;1616.23779296875;4032;3024
img_2600.jpg;5.36;162.7506103515625;35.655517578125;5802.957248240709;1849.2772216796875;1652.971435546875;2012.02783203125;1688.626953125;4032;3024
img_2601.jpg;5.83;151.7733154296875;33.918212890625;5147.879623860121;1804.3492431640625;1622.8255615234375;1956.12255859375;1656.7437744140625;4032;3024
img_2604.jpg;4.41;194.04833984375;40.4324951171875;7845.8585532307625;1811.617919921875;1584.44140625;2005.666259765625;1624.8739013671875;4032;3024
img_2608.jpg;1.81;456.20849609375;111.5408935546875;50885.90330153704;1694.69970703125;1596.1138916015625;2150.908203125;1707.65478515625;4032;3024
img_2613.jpg;4.07;208.7017822265625;48.5350341796875;10129.348133727908;1887.7489013671875;1608.86669921875;2096.45068359375;1657.4017333984375;4032;3024
img_2614.jpg;4.62;184.5574951171875;44.00439453125;8121.340828835964;1869.2850341796875;1543.03564453125;2053.842529296875;1587.0400390625;4032;3024
img_2615.jpg;5.15;165.2489013671875;37.51416015625;6199.1737515330315;1795.123046875;1496.4383544921875;1960.3719482421875;1533.9525146484375;4032;3024
img_2620.jpg;2.72;310.6951904296875;73.068603515625;22702.063683718443;1855.2427978515625;1528.1715087890625;2165.93798828125;1601.2401123046875;4032;3024
img_2621.jpg;2.11;402.6900634765625;90.3160400390625;36369.37189628184;1793.8026123046875;1696.400634765625;2196.49267578125;1786.7166748046875;4032;3024
img_2623.jpg;2.8;301.2520751953125;80.8330078125;24351.111347794533;1787.4425048828125;1596.6885986328125;2088.694580078125;1677.5216064453125;4032;3024
img_2624.jpg;2.24;385.2227783203125;99.45263671875;38311.4210280776;1741.6370849609375;1798.7337646484375;2126.85986328125;1898.1864013671875;4032;3024
img_2625.jpg;1.75;480.2064208984375;105.0850830078125;50462.53160099685;1693.0518798828125;1753.5732421875;2173.25830078125;1858.6583251953125;4032;3024
img_2627.jpg;3.49;241.373779296875;56.5965576171875;13660.925007253885;1799.2457275390625;1634.77685546875;2040.6195068359375;1691.3734130859375;4032;3024
img_2629.jpg;4.85;177.087890625;45.06689453125;7980.801289558411;1844.3939208984375;1460.342529296875;2021.4818115234375;1505.409423828125;4032;3024
img_2630.jpg;5.39;155.0179443359375;35.888671875;5563.388139009476;1913.5623779296875;1395.6702880859375;2068.580322265625;1431.5589599609375;4032;3024
img_2631.jpg;5.95;146.7548828125;37.674560546875;5528.9257180690765;1776.3463134765625;1524.5040283203125;1923.1011962890625;1562.1785888671875;4032;3024
img_2634.jpg;7.52;117.3466796875;29.524658203125;3464.6206090450287;1821.900390625;1600.24072265625;1939.2470703125;1629.765380859375;4032;3024
img_2635.jpg;8.05;111.4677734375;27.3114013671875;3044.341099858284;1843.923095703125;1556.4849853515625;1955.390869140625;1583.79638671875;4032;3024
img_2636.jpg;8.48;107.178466796875;25.748291015625;2759.662353694439;1818.6573486328125;1576.28466796875;1925.8358154296875;1602.032958984375;4032;3024
img_2638.jpg;2.23;381.370361328125;83.4273681640625;31816.725541383028;1720.878173828125;1693.2689208984375;2102.24853515625;1776.6962890625;4032;3024
img_2639.jpg;2.81;295.3314208984375;70.376953125;20784.52556490898;1715.3231201171875;1529.4874267578125;2010.654541015625;1599.8643798828125;4032;3024
img_2642.jpg;4.82;181.1861572265625;36.9993896484375;6703.777230128646;1703.10693359375;1315.5897216796875;1884.2930908203125;1352.589111328125;4032;3024
img_2643.jpg;5.24;163.8848876953125;34.765625;5697.560548782349;1848.2684326171875;1457.006103515625;2012.1533203125;1491.771728515625;4032;3024
img_2645.jpg;5.98;137.7109375;30.602294921875;4214.2707233428955;1865.1168212890625;1528.4171142578125;2002.8277587890625;1559.0194091796875;4032;3024
img_2646.jpg;4.67;181.55224609375;40.217529296875;7301.58277618885;1791.1163330078125;1458.2745361328125;1972.6685791015625;1498.4920654296875;4032;3024
img_2648.jpg;3.24;254.541748046875;55.2442626953125;14061.97119602561;1781.7978515625;1520.7635498046875;2036.339599609375;1576.0078125;4032;3024
img_2650.jpg;2.47;331.0;82.105712890625;27176.990966796875;1654.2711181640625;1696.5296630859375;1985.2711181640625;1778.6353759765625;4032;3024
img_2651.jpg;2.96;272.889892578125;67.37548828125;18386.089759469032;1795.591796875;1657.3021240234375;2068.481689453125;1724.6776123046875;4032;3024
img_2654.jpg;4.58;176.7679443359375;42.865478515625;7577.242520183325;1815.3966064453125;1589.340087890625;1992.16455078125;1632.20556640625;4032;3024
img_2656.jpg;5.65;144.29443359375;33.419677734375;4822.273469567299;1882.3084716796875;1512.3453369140625;2026.6029052734375;1545.7650146484375;4032;3024
img_2657.jpg;6.16;133.0360107421875;30.8109130859375;4098.960964277387;1854.47705078125;1573.052001953125;1987.5130615234375;1603.8629150390625;4032;3024
img_2658.jpg;6.71;125.9603271484375;30.181884765625;3801.720079034567;1874.8509521484375;1604.0289306640625;2000.811279296875;1634.2108154296875;4032;3024
img_2659.jpg;7.29;114.3758544921875;26.627197265625;3045.508439987898;1914.534912109375;1526.9525146484375;2028.9107666015625;1553.5797119140625;4032;3024
img_2660.jpg;5.82;144.3563232421875;31.921142578125;4608.018776267767;1853.6220703125;1648.730712890625;1997.9783935546875;1680.65185546875;4032;3024
img_2664.jpg;3.12;258.6461181640625;64.7607421875;16750.114576220512;1815.8453369140625;1655.0196533203125;2074.491455078125;1719.7803955078125;4032;3024
img_2665.jpg;2.51;326.39501953125;80.9832763671875;26432.53807157278;1734.6337890625;1735.03125;2061.02880859375;1816.0145263671875;4032;3024
img_2666.jpg;1.93;407.7928466796875;90.9901123046875;37105.11691643298;1719.8885498046875;1776.2640380859375;2127.681396484375;1867.254150390625;4032;3024
img_2667.jpg;2.39;347.7095947265625;82.14794921875;28563.6301304698;1774.9044189453125;1707.8211669921875;2122.614013671875;1789.9691162109375;4032;3024
img_2669.jpg;3.5;233.6390380859375;61.54833984375;14380.09491688013;1946.4720458984375;1647.990234375;2180.111083984375;1709.53857421875;4032;3024
img_2671.jpg;4.47;190.85986328125;45.08251953125;8604.443514108658;1868.236328125;1600.1943359375;2059.09619140625;1645.27685546875;4032;3024
img_2672.heic;2.43;369.296630859375;79.8597412109375;29491.933370500803;1835.154052734375;1742.5916748046875;2204.45068359375;1822.451416015625;4032;3024
img_2672.jpg;5.02;170.74609375;40.7630615234375;6960.133524417877;1891.02001953125;1712.302001953125;2061.76611328125;1753.0650634765625;4032;3024
img_2673.heic;3.33;261.9805908203125;52.4830322265625;13749.535790756345;1844.2901611328125;1606.576416015625;2106.270751953125;1659.0594482421875;4032;3024
img_2673.jpg;5.53;154.3326416015625;36.4288330078125;5622.158028557897;1843.928466796875;1560.415283203125;1998.2611083984375;1596.8441162109375;4032;3024
img_2674.jpg;5.97;146.017822265625;32.6546630859375;4768.1627906262875;1832.1092529296875;1643.0252685546875;1978.1270751953125;1675.679931640625;4032;3024
img_2675.heic;4.6;187.3492431640625;44.44677734375;8327.070096433163;1889.0455322265625;1448.297607421875;2076.394775390625;1492.744384765625;4032;3024
img_2676.heic;5.24;165.423828125;38.960693359375;6445.027041912079;1864.499755859375;1423.7884521484375;2029.923583984375;1462.7491455078125;4032;3024
img_2678.heic;6.16;143.3961181640625;32.5833740234375;4672.329351648688;1881.5118408203125;1497.1180419921875;2024.907958984375;1529.701416015625;4032;3024
img_2680.heic;7.33;120.7969970703125;30.3096923828125;3661.3198219686747;1941.8282470703125;1416.0537109375;2062.625244140625;1446.3634033203125;4032;3024
img_2681.heic;2.55;329.7271728515625;72.019287109375;23746.715929359198;1859.1756591796875;1725.9659423828125;2188.90283203125;1797.9852294921875;4032;3024
img_2681.jpg;2.61;323.9534912109375;75.35791015625;24412.458085477352;1710.353271484375;1505.9102783203125;2034.3067626953125;1581.2681884765625;4032;3024
img_2682.heic;3.23;267.25732421875;59.8172607421875;15986.601048052311;1814.46142578125;1670.4964599609375;2081.71875;1730.313720703125;4032;3024
img_2682.jpg;2.04;412.2086181640625;97.0689697265625;40012.665877595544;1710.8636474609375;1568.89599609375;2123.072265625;1665.9649658203125;4032;3024
img_2683.heic;3.81;228.9783935546875;49.318359375;11292.838702440262;1869.9659423828125;1681.58544921875;2098.9443359375;1730.90380859375;4032;3024
img_2683.jpg;3.16;266.343505859375;71.0074462890625;18912.372186750174;1805.7197265625;1422.1080322265625;2072.063232421875;1493.115478515625;4032;3024
img_2684.jpg;3.79;216.6358642578125;50.8958740234375;11025.871656224132;1842.6278076171875;1484.4739990234375;2059.263671875;1535.369873046875;4032;3024
img_2685.heic;5.02;171.305419921875;38.64111328125;6619.432136893272;1888.001953125;1560.7392578125;2059.307373046875;1599.38037109375;4032;3024
img_2686.jpg;4.71;186.44091796875;49.34716796875;9200.331295251846;1773.758544921875;1635.176025390625;1960.199462890625;1684.523193359375;4032;3024
img_2687.heic;5.13;165.057373046875;37.33203125;6161.927008628845;1914.387939453125;1559.779052734375;2079.4453125;1597.111083984375;4032;3024
img_2688.heic;4.56;189.126953125;41.2080078125;7793.544961929321;1947.035400390625;1540.774658203125;2136.162353515625;1581.982666015625;4032;3024
img_2688.jpg;5.56;151.43408203125;35.8388671875;5427.225953578949;1816.330078125;1537.8460693359375;1967.76416015625;1573.6849365234375;4032;3024
img_2690.heic;3.44;248.30859375;58.299560546875;14476.281895637512;1813.140380859375;1619.843017578125;2061.448974609375;1678.142578125;4032;3024
img_2690.jpg;6.53;123.6248779296875;31.5421142578125;3899.390024766326;1853.825439453125;1464.351318359375;1977.4503173828125;1495.8934326171875;4032;3024
img_2691.heic;6.14;144.0321044921875;32.689697265625;4708.365892380476;1896.0401611328125;1576.0145263671875;2040.072265625;1608.7042236328125;4032;3024
img_2691.jpg;7.05;121.2843017578125;31.166748046875;3780.037274926901;1849.2071533203125;1508.3870849609375;1970.491455078125;1539.5538330078125;4032;3024
img_2694.heic;7.78;115.3507080078125;27.1806640625;3135.30884373188;1876.20458984375;1516.2415771484375;1991.5552978515625;1543.4222412109375;4032;3024
img_2694.jpg;6.85;126.27490234375;33.912353515625;4282.279128432274;1880.806640625;1380.59326171875;2007.08154296875;1414.505615234375;4032;3024
img_2695.heic;8.3;107.95947265625;27.49462890625;2968.3056375980377;1946.262939453125;1542.849609375;2054.222412109375;1570.34423828125;4032;3024
img_2696.heic;8.8;104.339599609375;25.8712158203125;2699.3923000991344;1917.7275390625;1538.928466796875;2022.067138671875;1564.7996826171875;4032;3024
img_2699.heic;5.67;157.121337890625;36.600341796875;5750.694670379162;1899.71484375;1579.9405517578125;2056.836181640625;1616.5408935546875;4032;3024
img_2700.heic;4.96;171.5626220703125;39.4561767578125;6769.205141440034;1905.6287841796875;1580.0224609375;2077.19140625;1619.4786376953125;4032;3024
img_2701.heic;4.28;203.4114990234375;46.172607421875;9392.03928950429;1856.7279052734375;1618.6484375;2060.139404296875;1664.821044921875;4032;3024
img_2704.jpg;2.1;400.91552734375;84.3004150390625;33797.345350682735;1679.261962890625;1489.8299560546875;2080.177490234375;1574.13037109375;4032;3024
img_2705.heic;1.89;447.8343505859375;94.9451904296875;42519.71769733727;1762.4493408203125;1717.5732421875;2210.28369140625;1812.5184326171875;4032;3024
img_2705.jpg;2.6;323.85888671875;68.70263671875;22249.95944237709;1737.798828125;1420.075439453125;2061.65771484375;1488.778076171875;4032;3024
img_2706.jpg;3.05;275.4912109375;58.6092529296875;16146.334061741829;1758.2674560546875;1375.8363037109375;2033.7586669921875;1434.445556640625;4032;3024
img_2707.jpg;3.56;237.184814453125;50.9765625;12090.86651802063;1755.3935546875;1483.50390625;1992.578369140625;1534.48046875;4032;3024
img_2708.jpg;4.01;214.759521484375;49.1666259765625;10559.001067727804;1672.4747314453125;1454.1224365234375;1887.2342529296875;1503.2890625;4032;3024
img_2709.heic;3.71;242.7183837890625;75.808837890625;18400.198609739542;1784.8709716796875;1641.535400390625;2027.58935546875;1717.34423828125;4032;3024
img_2709.jpg;4.5;190.4422607421875;43.8692626953125;8354.561564788222;1699.8642578125;1534.9716796875;1890.3065185546875;1578.8409423828125;4032;3024
img_2710.heic;3.1;271.6156005859375;61.756103515625;16773.92114624381;1859.9478759765625;1673.1180419921875;2131.5634765625;1734.8741455078125;4032;3024
img_2712.jpg;5.79;148.770263671875;34.7392578125;5168.1685445308685;1792.3291015625;1623.444580078125;1941.099365234375;1658.183837890625;4032;3024
img_2713.jpg;6.29;142.6932373046875;32.2325439453125;4599.366042122245;1762.49951171875;1460.7840576171875;1905.1927490234375;1493.0166015625;4032;3024
img_2714.heic;3.33;256.3466796875;58.4876708984375;14993.120237469673;1917.483154296875;1603.24072265625;2173.829833984375;1661.7283935546875;4032;3024
img_2716.jpg;4.39;0;0;0;0;0;0;0;4032;3024
img_2721.heic;7.79;124.2354736328125;32.85888671875;4082.2393545508385;1854.998046875;1489.5361328125;1979.2335205078125;1522.39501953125;4032;3024
img_2721.jpg;3.88;213.79541015625;50.9287109375;10888.324643611908;1888.847900390625;1378.8067626953125;2102.643310546875;1429.7354736328125;4032;3024
img_2722.heic;8.25;113.5484619140625;30.2091064453125;3430.1975726634264;1853.6668701171875;1553.875244140625;1967.21533203125;1584.0843505859375;4032;3024
img_2723.heic;8.78;106.535888671875;28.271484375;3011.9277119636536;1868.722412109375;1535.09375;1975.25830078125;1563.365234375;4032;3024
img_2723.jpg;4.9;173.8843994140625;42.380859375;7369.370279073715;1771.098388671875;1419.523193359375;1944.9827880859375;1461.904052734375;4032;3024
img_2724.heic;9.38;104.984375;25.50439453125;2677.562919616699;1889.766357421875;1516.4825439453125;1994.750732421875;1541.9869384765625;4032;3024
img_2725.jpg;3.23;273.984619140625;80.2750244140625;21994.121990591288;1788.483154296875;1592.22802734375;2062.4677734375;1672.5030517578125;4032;3024
img_2726.heic;8.44;87.550537109375;23.0103759765625;2014.5707758367062;1931.366943359375;1572.1484375;2018.91748046875;1595.1588134765625;4032;3024
img_2727.heic;7.86;106.599365234375;26.2369384765625;2796.8409872949123;1831.630126953125;1535.4608154296875;1938.2294921875;1561.69775390625;4032;3024
img_2728.jpg;1.84;494.4884033203125;103.970703125;51412.306980371475;1693.8878173828125;1945.579833984375;2188.376220703125;2049.550537109375;4032;3024
img_2729.heic;6.69;122.3302001953125;31.7353515625;3882.1919099092484;1910.8489990234375;1490.0943603515625;2033.17919921875;1521.8297119140625;4032;3024
img_2730.heic;6.08;132.4696044921875;31.9708251953125;4235.16256891191;1888.6453857421875;1542.9107666015625;2021.114990234375;1574.881591796875;4032;3024
img_2730.jpg;3.44;251.2393798828125;61.3154296875;15404.850531935692;1840.2337646484375;1772.6114501953125;2091.47314453125;1833.9268798828125;4032;3024
img_2732.jpg;4.54;199.651611328125;48.7027587890625;9723.58426836133;1809.514404296875;1642.54248046875;2009.166015625;1691.2452392578125;4032;3024
img_2733.heic;3.95;221.8065185546875;64.468505859375;14299.53484109044;449.1236572265625;1636.8358154296875;670.93017578125;1701.3043212890625;4032;3024
img_2734.heic;3.37;217.187744140625;58.310546875;12664.33613538742;1900.465576171875;1546.8328857421875;2117.6533203125;1605.1434326171875;4032;3024
img_2735.heic;2.85;255.1004638671875;62.9573974609375;16060.461296156049;1874.2662353515625;1655.501953125;2129.36669921875;1718.4593505859375;4032;3024
img_2735.jpg;6.2;146.5626220703125;32.0965576171875;4704.1556438058615;1830.848388671875;1534.638671875;1977.4110107421875;1566.7352294921875;4032;3024
img_2737.heic;2.02;352.292724609375;76.02099609375;26781.64384138584;1861.19580078125;1738.718994140625;2213.488525390625;1814.739990234375;4032;3024
img_2737.jpg;7.24;128.4801025390625;30.5614013671875;3926.531981393695;1862.1790771484375;1706.77197265625;1990.6591796875;1737.3333740234375;4032;3024
img_2738.heic;1.37;436.0062255859375;93.0946044921875;40589.827127054334;1862.5594482421875;1797.0252685546875;2298.565673828125;1890.119873046875;4032;3024
img_2739.jpg;8.31;111.2481689453125;25.3345947265625;2818.427274301648;1799.6475830078125;1628.616455078125;1910.895751953125;1653.9510498046875;4032;3024
img_2740.heic;3.82;697.3128662109375;136.755859375;95361.62027192116;1691.6060791015625;2276.58154296875;2388.9189453125;2413.33740234375;4032;3024
img_2741.jpg;6.94;134.3118896484375;31.35888671875;4211.871332466602;1786.1383056640625;1619.7703857421875;1920.4501953125;1651.1292724609375;4032;3024
img_2742.jpg;6.26;140.1226806640625;31.120849609375;4360.736871808767;1783.042236328125;1693.1248779296875;1923.1649169921875;1724.2457275390625;4032;3024
img_2743.heic;2.67;306.427734375;60.5950927734375;18568.01699280739;1852.373779296875;1563.436279296875;2158.801513671875;1624.0313720703125;4032;3024
img_2743.jpg;5.58;154.99609375;38.13525390625;5910.815389633179;1818.0408935546875;1667.1217041015625;1973.0369873046875;1705.2569580078125;4032;3024
img_2744.heic;2.66;317.836669921875;63.618408203125;20220.263009011745;1771.113525390625;1504.446044921875;2088.9501953125;1568.064453125;4032;3024
img_2745.heic;2.19;383.774169921875;73.7027587890625;28285.215075224638;1781.7783203125;1472.852294921875;2165.552490234375;1546.5550537109375;4032;3024
img_2745.jpg;6.21;144.2254638671875;34.9307861328125;5037.908833250403;1826.372802734375;1491.0245361328125;1970.5982666015625;1525.955322265625;4032;3024
img_2746.heic;1.81;447.078857421875;95.0621337890625;42500.27015849948;1818.98095703125;1587.02783203125;2266.059814453125;1682.0899658203125;4032;3024
img_2747.heic;1.48;543.97265625;122.624267578125;66704.24855518341;1752.38427734375;1581.62060546875;2296.35693359375;1704.244873046875;4032;3024
img_2747.jpg;4.94;180.0460205078125;41.6724853515625;7502.965152218938;1847.6033935546875;1705.5999755859375;2027.6494140625;1747.2724609375;4032;3024
img_2748.heic;2.87;294.7838134765625;59.90869140625;17660.112513124943;1859.9403076171875;1465.188720703125;2154.72412109375;1525.097412109375;4032;3024
img_2748.jpg;4.43;195.3284912109375;44.5682373046875;8705.44654865563;1788.8726806640625;1577.8408203125;1984.201171875;1622.4090576171875;4032;3024
img_2749.heic;2.43;247.629638671875;50.7691650390625;12571.949994295835;1805.09521484375;1443.0361328125;2052.724853515625;1493.8052978515625;4032;3024
img_2750.jpg;3.68;229.905029296875;53.0970458984375;12207.27789285779;1842.70166015625;1592.406982421875;2072.606689453125;1645.5040283203125;4032;3024
img_2751.heic;4.42;189.8194580078125;41.978759765625;7968.385426551104;1861.8177490234375;1478.42919921875;2051.63720703125;1520.407958984375;4032;3024
img_2751.jpg;3.24;261.4945068359375;58.892333984375;15400.021831661463;1872.5203857421875;1551.6021728515625;2134.014892578125;1610.4945068359375;4032;3024
img_2754.heic;6.04;139.6712646484375;31.1473388671875;4350.388210013509;1882.7332763671875;1369.845458984375;2022.404541015625;1400.9927978515625;4032;3024
img_2755.jpg;1.67;498.8148193359375;117.64404296875;58682.5920394063;1668.7301025390625;1587.7940673828125;2167.544921875;1705.4381103515625;4032;3024
img_2756.heic;6.9;119.708740234375;28.79296875;3446.770016670227;1984.091552734375;1437.418701171875;2103.80029296875;1466.211669921875;4032;3024
img_2760.jpg;3.52;235.922119140625;58.163818359375;13722.13128465414;1852.021484375;1443.071533203125;2087.943603515625;1501.2353515625;4032;3024
img_2763.jpg;5.01;169.5478515625;39.078369140625;6625.653530359268;1811.6871337890625;1505.8365478515625;1981.2349853515625;1544.9149169921875;4032;3024
img_2764.jpg;5.41;162.069580078125;40.3228759765625;6535.111577063799;1745.4798583984375;1566.2379150390625;1907.5494384765625;1606.560791015625;4032;3024
img_2765.jpg;5.79;146.645263671875;35.0224609375;5135.87801861763;1794.3040771484375;1543.848388671875;1940.9493408203125;1578.870849609375;4032;3024
img_2766.jpg;4.08;210.9954833984375;44.1270751953125;9310.613561794162;1768.597412109375;1382.2666015625;1979.5928955078125;1426.3936767578125;4032;3024
img_2767.jpg;3.43;248.2132568359375;50.1844482421875;12456.445340707898;1755.2672119140625;1552.80908203125;2003.48046875;1602.9935302734375;4032;3024
img_2770.jpg;2.0;424.5482177734375;88.732177734375;37671.0879162848;1802.2340087890625;1821.4410400390625;2226.7822265625;1910.1732177734375;4032;3024
img_2774.jpg;4.16;204.754150390625;46.2908935546875;9478.252580612898;1806.21923828125;1586.955810546875;2010.973388671875;1633.2467041015625;4032;3024
img_2775.jpg;4.62;186.34716796875;44.085693359375;8215.24410545826;1768.0513916015625;1574.8902587890625;1954.3985595703125;1618.9759521484375;4032;3024
img_2779.jpg;6.41;135.6829833984375;31.4271240234375;4264.125947132707;1766.5867919921875;1580.95556640625;1902.269775390625;1612.3826904296875;4032;3024
img_2780.jpg;6.88;122.204345703125;29.722412109375;3632.2079245448112;1819.72998046875;1639.2703857421875;1941.934326171875;1668.9927978515625;4032;3024
img_2783.jpg;5.07;167.1768798828125;35.976806640625;6014.490282326937;1877.197998046875;1484.03857421875;2044.3748779296875;1520.015380859375;4032;3024
img_2786.jpg;3.27;255.3841552734375;52.288330078125;13353.611007660627;1830.1439208984375;1831.1673583984375;2085.528076171875;1883.4556884765625;4032;3024
img_2787.jpg;2.32;358.87353515625;80.0743408203125;28736.561765491962;1738.2880859375;1566.6109619140625;2097.16162109375;1646.685302734375;4032;3024
img_2788.jpg;2.86;299.037353515625;68.14208984375;20377.03020989895;1725.798828125;1448.824462890625;2024.836181640625;1516.966552734375;4032;3024
img_2789.jpg;3.41;249.4739990234375;56.4298095703125;14077.770257636905;1771.623291015625;1494.8099365234375;2021.0972900390625;1551.23974609375;4032;3024
img_2791.jpg;4.42;192.5579833984375;46.1068115234375;8878.234647884965;1861.7969970703125;1549.9764404296875;2054.35498046875;1596.083251953125;4032;3024
img_2792.jpg;5.0;170.1580810546875;39.46923828125;6716.009846627712;1826.6436767578125;1521.916015625;1996.8017578125;1561.38525390625;4032;3024
img_2793.jpg;5.51;159.7025146484375;37.6446533203125;6011.945798322558;1803.49951171875;1494.0196533203125;1963.2020263671875;1531.664306640625;4032;3024
img_2794.jpg;5.96;147.4893798828125;34.357177734375;5067.318838566542;1828.753662109375;1541.7408447265625;1976.2430419921875;1576.0980224609375;4032;3024
img_2795.jpg;6.43;126.438720703125;32.197509765625;4071.011944591999;1881.53759765625;1512.731201171875;2007.976318359375;1544.9287109375;4032;3024
img_2796.jpg;6.9;128.1025390625;30.5360107421875;3911.740508913994;1803.91943359375;1631.9898681640625;1932.02197265625;1662.52587890625;4032;3024
img_2797.jpg;6.29;134.317626953125;33.0294189453125;4436.433172374964;1898.2720947265625;1490.5723876953125;2032.5897216796875;1523.601806640625;4032;3024
img_2799.jpg;4.94;169.7281494140625;39.270751953125;6665.352055102587;1834.5618896484375;1512.9117431640625;2004.2900390625;1552.1824951171875;4032;3024
img_2857.jpg;1.09;791.58935546875;205.183349609375;162420.95547020435;1531.125244140625;1871.091064453125;2322.714599609375;2076.2744140625;4032;3024
img_2858.jpg;0.85;961.3153076171875;209.1119384765625;201022.50746302307;1445.9219970703125;2016.5933837890625;2407.2373046875;2225.705322265625;4032;3024
img_2860.jpg;4.08;215.0394287109375;43.0587158203125;9259.321651026607;1796.8409423828125;1460.061767578125;2011.88037109375;1503.1204833984375;4032;3024
img_2861.jpg;3.54;241.0845947265625;50.642822265625;12209.204281717539;1692.8211669921875;1527.234619140625;1933.90576171875;1577.87744140625;4032;3024
img_2862.jpg;2.1;279.0406494140625;58.276123046875;16261.407220333815;1662.3897705078125;1574.6395263671875;1941.430419921875;1632.9156494140625;4032;3024
img_2863.jpg;2.65;318.66943359375;65.82568359375;20976.633306741714;1696.1658935546875;1547.473876953125;2014.8353271484375;1613.299560546875;4032;3024
img_2866.jpg;2.92;290.81005859375;61.01025390625;17742.395513296127;1847.875244140625;1485.0263671875;2138.685302734375;1546.03662109375;4032;3024
img_2867.jpg;3.44;241.931396484375;59.924560546875;14497.632616817951;1843.0771484375;1424.9798583984375;2085.008544921875;1484.9044189453125;4032;3024
img_2869.jpg;4.4;193.2254638671875;41.0423583984375;7930.428739741445;1791.2861328125;1637.3865966796875;1984.5115966796875;1678.428955078125;4032;3024
img_2870.jpg;4.91;174.0640869140625;37.3514404296875;6501.544373318553;1838.1065673828125;1470.74169921875;2012.170654296875;1508.0931396484375;4032;3024
img_2872.jpg;5.62;152.9757080078125;33.3983154296875;5109.130949124694;1842.6141357421875;1537.6396484375;1995.58984375;1571.0379638671875;4032;3024
img_2874.jpg;6.38;133.677734375;27.5819091796875;3687.0871288776398;1843.19140625;1523.9815673828125;1976.869140625;1551.5634765625;4032;3024
img_2876.jpg;7.16;120.7177734375;31.119140625;3756.633367538452;1872.8966064453125;1589.8201904296875;1993.6143798828125;1620.9393310546875;4032;3024
img_2879.jpg;2.39;351.211181640625;83.5445556640625;29341.78211441636;1816.029541015625;1724.835693359375;2167.24072265625;1808.3802490234375;4032;3024
img_2881.jpg;3.45;241.70751953125;55.733154296875;13471.122480750084;1735.6639404296875;1405.039794921875;1977.3714599609375;1460.77294921875;4032;3024
img_2882.jpg;4.01;209.5487060546875;49.323486328125;10335.672738164663;1762.74951171875;1485.9549560546875;1972.2982177734375;1535.2784423828125;4032;3024
img_2883.jpg;4.37;193.029052734375;44.6937255859375;8627.187513023615;1797.6876220703125;1406.6053466796875;1990.7166748046875;1451.299072265625;4032;3024
img_2885.jpg;4.7;180.174072265625;45.0784912109375;8121.9753330647945;1797.3572998046875;1577.1275634765625;1977.5313720703125;1622.2060546875;4032;3024
img_2890.jpg;2.36;366.095947265625;81.8970947265625;29982.19447222352;1686.889892578125;1378.7738037109375;2052.98583984375;1460.6708984375;4032;3024
img_2891.jpg;2.73;311.72314453125;68.7841796875;21441.620786190033;1744.771484375;1438.083740234375;2056.49462890625;1506.867919921875;4032;3024
img_2892.jpg;3.18;266.647216796875;58.980224609375;15726.912738144398;1780.0557861328125;1513.8848876953125;2046.7030029296875;1572.8651123046875;4032;3024
img_2894.jpg;4.01;215.673828125;47.4300537109375;10229.421252012253;1773.8446044921875;1631.214599609375;1989.5184326171875;1678.6446533203125;4032;3024
img_2895.jpg;4.45;190.1712646484375;41.982666015625;7983.896689504385;1852.2952880859375;1461.4447021484375;2042.466552734375;1503.4273681640625;4032;3024
img_2896.jpg;4.98;166.974609375;37.1640625;6205.454818725586;1878.8463134765625;1445.205322265625;2045.8209228515625;1482.369384765625;4032;3024
img_2897.jpg;3.95;216.4022216796875;43.3309326171875;9376.910085812211;1842.5157470703125;1508.089599609375;2058.91796875;1551.4205322265625;4032;3024
img_2899.jpg;2.82;314.1337890625;76.7696533203125;24115.9420825243;1742.769287109375;1406.628173828125;2056.903076171875;1483.3978271484375;4032;3024
img_2901.jpg;1.78;471.9693603515625;101.184326171875;47755.90170094371;1766.0267333984375;1495.9832763671875;2237.99609375;1597.1676025390625;4032;3024
img_2902.jpg;1.33;655.6622314453125;135.724853515625;88989.66031864285;1642.6895751953125;1453.6923828125;2298.351806640625;1589.417236328125;4032;3024
img_2903.jpg;4.33;298.4232177734375;64.658447265625;19295.581889241934;1704.0538330078125;1572.6439208984375;2002.47705078125;1637.3023681640625;4032;3024
img_2904.jpg;2.9;243.8880615234375;53.5203857421875;13052.983130648732;1798.0189208984375;1502.3221435546875;2041.906982421875;1555.842529296875;4032;3024
img_2905.jpg;3.51;214.3072509765625;50.4248046875;10806.401273608208;1798.9515380859375;1511.458251953125;2013.2587890625;1561.883056640625;4032;3024
img_2908.jpg;4.61;171.0455322265625;43.679443359375;7471.173636764288;1876.2650146484375;1385.7828369140625;2047.310546875;1429.4622802734375;4032;3024
img_2911.jpg;5.76;139.9969482421875;35.1590576171875;4922.160769477487;1865.8658447265625;1474.690673828125;2005.86279296875;1509.8497314453125;4032;3024
img_2912.jpg;6.19;129.040771484375;32.8199462890625;4235.111189216375;1866.456298828125;1414.0257568359375;1995.4970703125;1446.845703125;4032;3024
img_2913.jpg;6.61;159.5648193359375;42.70263671875;6813.838513195515;1823.367919921875;1440.431884765625;1982.9327392578125;1483.134521484375;4032;3024
img_2915.jpg;4.73;201.649658203125;47.19189453125;9516.229402184486;1864.474853515625;1506.3978271484375;2066.12451171875;1553.5897216796875;4032;3024
img_2916.jpg;4.2;243.8907470703125;54.181396484375;13214.341265887022;1847.7137451171875;1552.23388671875;2091.6044921875;1606.415283203125;4032;3024
img_2918.jpg;2.91;367.7454833984375;82.0076904296875;30157.957759454846;1741.7781982421875;1477.446044921875;2109.523681640625;1559.4537353515625;4032;3024
img_2920.jpg;2.07;422.51416015625;99.395751953125;41996.112659573555;1663.172607421875;1573.5697021484375;2085.686767578125;1672.9654541015625;4032;3024
img_2927.jpg;4.5;193.0478515625;47.595947265625;9188.295362710953;1788.3372802734375;1352.682373046875;1981.3851318359375;1400.2783203125;4032;3024
img_2928.jpg;4.84;190.22705078125;49.16064453125;9351.684423685074;1718.036865234375;1578.0494384765625;1908.263916015625;1627.2100830078125;4032;3024
img_2930.jpg;3.05;290.7828369140625;60.0299072265625;17455.666723027825;1772.7288818359375;1792.0042724609375;2063.51171875;1852.0341796875;4032;3024
img_2931.jpg;3.5;247.347900390625;59.521240234375;14722.453800618649;1896.005615234375;1730.8753662109375;2143.353515625;1790.3966064453125;4032;3024
img_2932.jpg;3.87;223.47314453125;53.4923095703125;11954.094627916813;1868.501953125;1700.5443115234375;2091.97509765625;1754.03662109375;4032;3024
img_2934.jpg;3.68;232.2255859375;51.80810546875;12031.167648792267;1903.2568359375;1801.966796875;2135.482421875;1853.77490234375;4032;3024
img_2937.jpg;2.05;433.3433837890625;94.1546630859375;40801.30030117929;1691.9808349609375;1946.4027099609375;2125.32421875;2040.557373046875;4032;3024
img_2939.jpg;3.0;287.466796875;62.9141845703125;18085.739116430283;1812.93701171875;1724.6976318359375;2100.40380859375;1787.61181640625;4032;3024
img_2940.jpg;3.46;248.2427978515625;52.767822265625;13099.231835752726;1852.3624267578125;1608.5606689453125;2100.605224609375;1661.3284912109375;4032;3024
img_2941.jpg;3.91;216.811279296875;47.33154296875;10262.012382149696;1781.3841552734375;1716.95751953125;1998.1954345703125;1764.2890625;4032;3024
img_2944.jpg;5.2;166.6539306640625;41.771728515625;6961.422747761011;1754.7679443359375;1624.9169921875;1921.421875;1666.688720703125;4032;3024
img_2945.jpg;5.54;156.30712890625;37.9000244140625;5924.044001638889;1810.2559814453125;1683.2406005859375;1966.5631103515625;1721.140625;4032;3024